id,price,num_rooms,num_bathrooms,square_footage,year_built,garage,pool,location,days_on_market,neighborhood,lot_size,condition,lat,long,sale_date
1,601072,5,3,1711,1976,0,1,Suburban,96,B,3745,Excellent,40.07872290807705,-74.92871328174097,2020-01-01
2,612191,9,1,1275,1928,0,0,Rural,1,A,5090,Poor,40.06228896806665,-75.08847791273729,2020-01-02
3,326009,3,3,1660,1931,0,1,Urban,298,B,7158,Good,39.84035764768675,-74.99847860649258,2020-01-03
4,986997,4,3,2883,1987,1,0,Urban,180,B,9561,Poor,39.85183689556474,-75.1242786910688,2020-01-04
5,962781,1,2,3154,1979,0,1,Rural,181,A,8471,Good,39.90729216487667,-75.00156713737084,2020-01-05
6,951271,6,4,4040,1910,1,0,Rural,235,D,4743,Poor,39.8872231597672,-75.21807939002433,2020-01-06
7,535132,4,2,1595,1995,0,1,Suburban,319,C,8008,Poor,39.984431285946876,-75.15157410607858,2020-01-07
8,632860,1,1,523,1905,0,0,Suburban,337,A,4324,Excellent,40.070832814329364,-75.04630880047456,2020-01-08
9,606528,2,4,4056,1934,1,1,Rural,8,D,9632,Poor,40.088687462501774,-75.29273681375716,2020-01-09
10,521441,3,3,1579,1932,1,0,Suburban,27,B,4257,Fair,39.99608088576057,-75.01101547586443,2020-01-10
11,670141,9,3,4818,1917,1,1,Urban,308,A,1226,Excellent,40.051447760420324,-74.96578579949274,2020-01-11
12,787635,8,1,678,1936,1,0,Urban,146,C,3401,Good,39.95756066006924,-75.14034333556242,2020-01-12
13,958811,7,4,3347,1912,1,1,Suburban,91,C,5718,Excellent,39.86249808405801,-75.12082303312914,2020-01-13
14,216074,4,1,2460,1973,0,0,Suburban,342,B,2024,Fair,39.957406523628045,-74.95948711511339,2020-01-14
15,553112,1,1,1973,2000,1,1,Suburban,272,A,6672,Fair,39.96652478043129,-74.9897381458696,2020-01-15
16,667497,8,2,1712,1989,1,1,Urban,322,C,8727,Poor,40.02273726926407,-75.18474020438666,2020-01-16
17,590391,4,1,1309,2009,0,1,Suburban,5,A,6280,Fair,39.8659648969122,-75.17040955737538,2020-01-17
18,511267,3,4,919,1980,0,1,Rural,82,C,1870,Fair,39.91049311462602,-75.02844870704376,2020-01-18
19,718532,9,1,4159,1963,1,0,Suburban,219,B,4199,Fair,39.90920824076437,-75.07472076302074,2020-01-19
20,856355,4,4,4316,1900,1,0,Rural,118,B,2745,Fair,40.08783187872235,-75.2351081715614,2020-01-20
21,353516,4,3,1778,1962,1,0,Suburban,81,A,6270,Good,39.93318348809802,-75.17602803630834,2020-01-21
22,832760,9,1,3023,1988,0,1,Suburban,70,D,9635,Good,40.026528190189445,-74.94000668924855,2020-01-22
23,724588,2,4,1940,1933,1,1,Urban,115,D,6886,Excellent,40.02524341441233,-75.0247302253111,2020-01-23
24,822321,5,3,1840,2002,0,1,Rural,263,B,6590,Poor,39.879663255440974,-74.9056102729258,2020-01-24
25,553372,4,4,2721,1909,0,1,Rural,306,C,8897,Good,39.97156090681152,-74.9931949880077,2020-01-25
26,476826,9,3,2892,1983,0,1,Rural,142,D,9664,Fair,40.06829086799559,-74.92321022714258,2020-01-26
27,157175,5,2,1861,1906,0,0,Urban,207,B,9271,Poor,39.94255931583709,-75.21352457045181,2020-01-27
28,201551,9,1,1091,1955,1,0,Rural,111,C,6158,Good,40.083535252202765,-74.99140605007324,2020-01-28
29,905408,9,1,1026,1979,0,0,Urban,303,C,9431,Excellent,39.864337468797245,-75.29191299194088,2020-01-29
30,492761,2,3,3003,1936,0,1,Suburban,112,D,1589,Fair,39.822247731732205,-75.03169599131539,2020-01-30
31,986226,9,2,1792,1928,1,1,Suburban,43,B,2884,Poor,40.06743616194343,-75.1122870887519,2020-01-31
32,871272,3,4,2154,1911,0,1,Rural,347,C,6399,Good,40.05430435938867,-75.16129597123198,2020-02-01
33,610491,4,2,687,1916,1,1,Suburban,285,C,9503,Poor,40.09777696278015,-74.95503825908277,2020-02-02
34,681154,1,4,3258,1947,0,1,Suburban,128,A,2076,Good,40.00381804643373,-74.95829292293699,2020-02-03
35,217752,1,4,1028,1983,1,1,Rural,185,A,8235,Excellent,40.08100637800015,-75.29107931804054,2020-02-04
36,933510,1,1,933,1925,0,1,Suburban,229,D,7837,Fair,40.048084707525234,-75.05619795102022,2020-02-05
37,353564,9,3,4012,2011,0,0,Rural,221,A,1033,Excellent,40.05332789993603,-75.15286711027161,2020-02-06
38,393257,8,1,2304,1982,1,0,Rural,352,B,2841,Fair,39.97074247113628,-75.13373559939983,2020-02-07
39,870880,5,1,802,2021,0,1,Suburban,117,D,5481,Fair,39.91470937937501,-74.96718370431249,2020-02-08
40,639689,5,1,4682,2010,0,1,Suburban,70,D,9440,Poor,40.080367421762986,-75.17606409138892,2020-02-09
41,315432,9,4,937,1911,1,1,Suburban,70,A,2134,Good,39.92963515268477,-74.92278047574496,2020-02-10
42,530779,3,1,3088,1920,0,0,Suburban,110,C,8261,Excellent,39.9616458101749,-75.22814646945115,2020-02-11
43,265486,3,4,1332,1941,0,0,Suburban,132,B,6298,Excellent,39.933834292137554,-75.03491103065274,2020-02-12
44,771502,7,3,1296,1960,1,1,Urban,56,B,8017,Excellent,39.96944549418806,-75.0311579731945,2020-02-13
45,870488,9,4,1059,1957,1,0,Suburban,89,B,8771,Poor,39.9411515236977,-75.19912193542883,2020-02-14
46,433636,6,4,4088,1953,1,0,Urban,137,D,9567,Poor,39.81439026757384,-75.17009975641312,2020-02-15
47,310536,2,2,1261,1933,1,0,Rural,131,B,9915,Poor,40.064614455802314,-74.96608060296803,2020-02-16
48,830617,1,1,4074,1906,1,1,Suburban,218,C,2913,Fair,39.93331814567473,-74.99527789801802,2020-02-17
49,176693,2,1,4285,2008,0,0,Suburban,176,C,5297,Excellent,39.97668309455221,-75.1683616478741,2020-02-18
50,135135,1,1,3014,1934,1,0,Suburban,171,A,2942,Fair,39.841756340827395,-75.08641738122603,2020-02-19
51,565448,9,1,1184,1914,0,1,Rural,100,B,5004,Excellent,39.80101635439479,-75.27532788149875,2020-02-20
52,914294,8,2,4733,1964,1,1,Urban,129,D,2331,Excellent,39.87358702809309,-75.21650164704054,2020-02-21
53,236262,7,2,1077,1989,0,0,Urban,57,A,8890,Good,40.01137580964001,-75.10567177645584,2020-02-22
54,694487,3,2,727,1998,0,1,Suburban,181,C,5588,Excellent,39.82975835903386,-75.26561050588832,2020-02-23
55,991798,8,2,2828,1924,1,0,Suburban,246,B,1337,Poor,40.07266623211594,-74.96266705804322,2020-02-24
56,104331,2,1,3231,2005,0,0,Suburban,144,C,8066,Poor,39.864506770806855,-75.01279751595695,2020-02-25
57,617400,2,4,1327,1958,0,1,Suburban,51,A,8813,Poor,39.86137808428753,-74.92254653174061,2020-02-26
58,283258,3,3,930,1978,1,1,Rural,218,C,9983,Good,39.85445238848644,-75.0226132376144,2020-02-27
59,931080,7,2,1563,1985,1,0,Suburban,104,B,4611,Good,39.80419451389141,-74.92383945109513,2020-02-28
60,390693,1,4,2209,1905,1,1,Rural,55,B,4700,Fair,40.03154164054347,-75.07819497772361,2020-02-29
61,312854,8,2,1734,1951,1,1,Suburban,257,A,7118,Excellent,40.062510359373576,-75.05991255557521,2020-03-01
62,650049,7,1,801,1978,0,0,Urban,346,B,8105,Excellent,39.98424881078486,-74.9092115781495,2020-03-02
63,889694,4,1,1920,1987,0,0,Urban,156,C,3673,Poor,39.85645999450396,-75.0431483412543,2020-03-03
64,604840,5,4,1268,1920,0,0,Suburban,53,C,3122,Poor,39.885583399082265,-75.2876853724557,2020-03-04
65,959004,1,4,1904,1970,0,0,Suburban,329,D,8082,Poor,39.94277800920949,-75.0104788893478,2020-03-05
66,880080,4,4,943,2020,0,0,Rural,187,D,9250,Poor,40.08630378548699,-74.93781252314504,2020-03-06
67,284544,1,1,3604,1992,0,0,Suburban,364,D,3062,Poor,39.87420541154532,-74.98176790008227,2020-03-07
68,450002,1,1,4855,1995,1,1,Suburban,150,C,2254,Poor,40.019493771175966,-75.06646669094984,2020-03-08
69,184667,1,3,3805,1931,0,1,Suburban,264,C,4688,Excellent,39.93183446698787,-75.03147859476259,2020-03-09
70,104677,7,4,2038,1952,0,0,Urban,250,A,4748,Good,39.889354204508,-74.90392328429934,2020-03-10
71,304580,7,3,4430,1958,0,1,Rural,298,D,7342,Poor,39.936774781106635,-75.26373516459627,2020-03-11
72,230334,4,2,1831,1968,1,1,Urban,211,C,5130,Excellent,39.821362015262366,-75.03310206854671,2020-03-12
73,574081,2,3,569,1961,1,0,Rural,25,A,5257,Poor,40.03960621127911,-75.18664092217176,2020-03-13
74,595784,3,2,3935,1903,1,1,Urban,294,C,4029,Fair,39.87299057839489,-75.04396384136554,2020-03-14
75,463581,8,2,980,1985,1,1,Suburban,341,A,3846,Fair,40.01762363695789,-75.05695056964643,2020-03-15
76,511811,8,3,4594,1917,0,0,Urban,152,D,9662,Excellent,39.82050451143446,-75.23861726715673,2020-03-16
77,580675,6,4,3996,1998,0,1,Urban,24,D,5035,Good,40.086529566849705,-75.2173013417039,2020-03-17
78,684436,9,2,3293,1980,0,1,Rural,252,D,3899,Fair,39.85790449562171,-75.05134816878272,2020-03-18
79,933358,9,4,3392,2013,1,0,Rural,60,C,5443,Fair,40.064822622862124,-75.24870802107849,2020-03-19
80,699559,4,1,1698,2013,0,1,Urban,66,C,5789,Good,40.04284196288463,-75.19392764994787,2020-03-20
81,658745,1,2,2872,1955,0,1,Rural,53,A,1912,Fair,40.09035797722443,-74.9659017809048,2020-03-21
82,666819,1,1,2392,1923,0,1,Rural,106,B,5242,Poor,39.943367198283724,-75.16916339759935,2020-03-22
83,304335,5,3,2383,1965,1,0,Rural,96,B,8541,Good,40.018219188153786,-75.10477593749214,2020-03-23
84,566516,2,4,1297,1912,1,0,Rural,176,D,2711,Fair,39.91121319711134,-74.92354386594167,2020-03-24
85,752315,6,3,517,1961,1,1,Rural,39,B,9866,Good,39.85531047140591,-75.20914036446523,2020-03-25
86,294243,7,2,543,1953,0,1,Urban,168,D,2439,Poor,39.93292277988003,-75.1441495930568,2020-03-26
87,612445,1,1,654,1914,0,0,Rural,42,A,6613,Fair,39.849724704616534,-75.05741688978259,2020-03-27
88,357231,6,2,3948,1968,0,0,Suburban,104,B,4630,Excellent,40.09461338683592,-74.99786442819841,2020-03-28
89,873589,8,3,4580,1902,0,1,Urban,333,B,6375,Fair,39.82887394734221,-74.93933864531492,2020-03-29
90,670059,5,4,1925,1936,1,0,Urban,204,D,8103,Fair,39.976763517035785,-74.9338108049706,2020-03-30
91,717423,7,4,4820,1936,0,1,Urban,8,A,9877,Poor,39.98793915657622,-74.98934397025096,2020-03-31
92,690642,6,2,4812,2000,1,1,Rural,282,B,5216,Excellent,39.96142386286222,-75.20866766536267,2020-04-01
93,737031,4,2,4139,1902,0,0,Suburban,43,B,3466,Excellent,39.99865576571355,-75.29007626798297,2020-04-02
94,868741,7,1,4626,1962,1,0,Rural,110,B,8824,Excellent,39.83485423250357,-75.14649042785776,2020-04-03
95,658180,9,3,2392,1934,0,1,Urban,210,A,5124,Poor,39.966505557261584,-75.24338045960486,2020-04-04
96,302268,7,2,1397,1951,0,1,Urban,237,A,1965,Poor,39.886163771338204,-75.01584494102468,2020-04-05
97,195057,5,1,3924,1986,1,0,Urban,356,B,7928,Poor,40.08205281899032,-75.03554776526971,2020-04-06
98,138409,7,2,1758,1927,1,1,Urban,319,D,7096,Poor,40.02862149603192,-75.28241134335141,2020-04-07
99,346889,3,4,2515,1993,0,0,Rural,49,D,7157,Poor,40.091754344647924,-74.96536248834762,2020-04-08
100,527686,2,1,2202,1917,0,0,Suburban,115,B,9120,Excellent,39.81126682092206,-75.20050269348353,2020-04-09
101,249457,5,1,1373,2021,0,0,Suburban,155,A,2508,Good,39.88553995255421,-75.12710916980359,2020-04-10
102,516512,4,2,1065,2015,1,0,Urban,137,B,1871,Poor,39.8586267759915,-75.03282650581771,2020-04-11
103,423860,5,3,2518,1935,0,0,Suburban,167,A,1863,Good,39.803346376193545,-75.1282324852591,2020-04-12
104,975584,8,4,2385,1932,1,1,Urban,321,B,4055,Fair,39.8726977190739,-75.12348487888002,2020-04-13
105,126382,4,3,2623,1963,0,0,Urban,199,A,6133,Fair,40.00363279505613,-75.27374880186571,2020-04-14
106,176675,9,1,2814,1925,0,0,Suburban,71,C,3682,Poor,39.86932667664037,-75.139422580296,2020-04-15
107,646707,7,3,4912,1947,0,0,Urban,7,D,6278,Fair,39.952701033644786,-74.99406084271202,2020-04-16
108,181238,7,1,4383,1939,0,0,Suburban,200,C,6448,Good,40.0663454344895,-74.93392946512536,2020-04-17
109,325825,8,3,3692,1916,1,0,Urban,336,D,1613,Fair,40.008127376104724,-75.13460114517466,2020-04-18
110,794651,6,2,2359,1939,1,0,Suburban,67,A,2872,Fair,39.918388720971805,-75.13056566924837,2020-04-19
111,374541,8,3,524,1906,0,0,Urban,138,C,8723,Good,39.91174068167363,-75.01894915747054,2020-04-20
112,420032,3,1,4003,1956,0,1,Suburban,242,D,8189,Fair,39.936720744202546,-74.9228911995579,2020-04-21
113,135169,1,4,4755,1907,0,1,Urban,213,B,6386,Poor,39.85311243231797,-75.19317562390425,2020-04-22
114,686470,6,4,1637,2016,1,1,Urban,181,A,7942,Good,39.990200230224794,-75.12394231738483,2020-04-23
115,978908,1,4,1689,1955,0,1,Urban,254,A,9759,Good,39.909245845731384,-74.98161070257909,2020-04-24
116,928681,9,1,4596,1930,1,0,Suburban,101,B,1244,Excellent,40.05570960477861,-75.05612257225039,2020-04-25
117,259413,2,3,3657,1958,1,1,Rural,351,B,1020,Excellent,40.02696579801734,-75.25576546241442,2020-04-26
118,962035,2,4,2867,1957,1,0,Urban,87,D,9585,Good,39.98315394922765,-75.0489069057751,2020-04-27
119,277216,7,4,4977,1911,1,1,Urban,185,A,6767,Good,39.90926066679485,-75.22530148616107,2020-04-28
120,554988,2,4,2241,1947,0,1,Suburban,91,D,4515,Excellent,39.86297954950204,-75.09591362636864,2020-04-29
121,179360,8,2,4188,1930,0,0,Urban,248,B,2910,Poor,40.03284555923169,-75.08835869293583,2020-04-30
122,637732,6,1,4246,2007,1,0,Urban,214,A,9481,Fair,39.94592272969732,-74.94951865511001,2020-05-01
123,538863,7,1,1397,1982,0,1,Urban,359,B,6882,Fair,39.86742501145321,-75.11500229039503,2020-05-02
124,223662,7,1,4523,1962,0,1,Urban,249,D,9552,Fair,39.858552384512,-75.18822303110564,2020-05-03
125,869776,6,1,1216,1973,0,1,Rural,126,D,9076,Good,39.8496202713504,-75.20761346071359,2020-05-04
126,198843,9,1,4467,1938,1,1,Rural,4,D,2622,Poor,40.03314835886168,-74.95029924932626,2020-05-05
127,897406,9,2,4521,1975,0,0,Urban,88,A,5314,Excellent,39.868696155590094,-75.2315956582327,2020-05-06
128,736438,7,3,3715,1919,0,1,Urban,151,B,3453,Poor,39.95799267905756,-75.12965257564674,2020-05-07
129,531599,9,2,890,2000,0,1,Urban,176,B,3015,Poor,39.935463908291915,-75.22513075402922,2020-05-08
130,880908,3,4,4384,1947,0,1,Rural,211,D,3800,Fair,39.973883269768486,-74.99067838395425,2020-05-09
131,719114,3,2,2199,2004,0,1,Rural,259,D,9772,Excellent,40.063146470111356,-75.11025094401015,2020-05-10
132,574768,1,1,3537,1970,0,1,Suburban,91,D,7752,Poor,40.06032421702452,-75.15954252377728,2020-05-11
133,984080,5,2,732,2015,0,0,Suburban,259,D,8453,Excellent,39.93532282154746,-75.15556014374941,2020-05-12
134,325121,4,1,2426,1953,0,0,Urban,191,C,3853,Good,39.804609875220414,-74.9591143173108,2020-05-13
135,922922,2,2,3631,2021,0,0,Urban,81,C,3236,Fair,39.92793314171429,-75.07849041828223,2020-05-14
136,865723,9,1,3806,1977,0,0,Rural,138,C,5176,Excellent,39.98185806122724,-75.0128528595475,2020-05-15
137,749001,3,4,3224,1974,1,0,Urban,350,D,3155,Good,39.96732942772942,-74.94118459349973,2020-05-16
138,155612,8,1,733,1970,0,1,Urban,126,D,6698,Good,39.99540083174006,-74.93930332958375,2020-05-17
139,724762,6,2,1891,1928,1,0,Rural,356,B,7829,Good,39.846222719741924,-75.16859637826485,2020-05-18
140,398303,5,4,3392,1973,0,0,Rural,309,A,9537,Poor,39.99396052963422,-74.91901949474145,2020-05-19
141,663998,1,2,1755,1992,1,1,Rural,343,B,2886,Poor,39.85479548562313,-75.29004964719415,2020-05-20
142,737384,4,4,3038,1972,1,0,Rural,230,C,7471,Fair,40.02515719420902,-75.14926577559353,2020-05-21
143,309417,3,3,4190,1999,0,0,Suburban,345,B,9746,Fair,39.9017262839788,-74.94168045699647,2020-05-22
144,311463,1,3,1389,1947,1,0,Rural,310,D,4770,Good,40.012968630014434,-75.19014524807321,2020-05-23
145,993844,5,3,1245,1973,1,0,Rural,20,C,9391,Fair,39.81435967967183,-75.19076741987148,2020-05-24
146,719212,6,2,2219,1982,1,1,Urban,49,C,3940,Poor,39.922358007677275,-75.17895108596724,2020-05-25
147,368602,2,2,927,1955,0,1,Urban,135,A,4490,Fair,40.011510356679,-75.05507464606123,2020-05-26
148,397668,3,4,1231,1994,1,0,Urban,29,A,8899,Excellent,39.86806115489944,-75.12466688975427,2020-05-27
149,762213,6,4,1299,1916,1,1,Suburban,48,C,1306,Poor,40.038586113439166,-75.00930606545866,2020-05-28
150,402621,4,4,4797,1908,0,0,Rural,269,C,4075,Good,39.98923391993148,-74.94203574297414,2020-05-29
151,394366,9,4,1335,2008,1,1,Rural,3,B,2656,Good,39.97626853164494,-75.03032025002285,2020-05-30
152,642608,5,1,634,1996,1,1,Suburban,258,C,8244,Fair,39.9060646562613,-75.21821331192096,2020-05-31
153,194154,4,3,3038,1933,1,1,Rural,16,D,7611,Poor,39.94473544111433,-74.9269272390558,2020-06-01
154,676531,2,1,4218,1944,0,1,Urban,94,B,7322,Good,39.97920479029336,-75.19420285066101,2020-06-02
155,800975,6,1,540,1987,1,1,Suburban,358,D,3692,Good,39.94173863417446,-75.24004228186874,2020-06-03
156,510568,2,1,3867,1908,0,1,Rural,134,D,2764,Poor,40.00949399718217,-75.26401308845561,2020-06-04
157,697121,7,1,2915,1906,1,1,Suburban,301,D,1275,Poor,39.93010907993209,-75.07464650373353,2020-06-05
158,193476,3,3,2540,1915,1,1,Suburban,327,C,6271,Good,39.860681954522605,-75.25449501500773,2020-06-06
159,214560,9,1,4839,1918,1,1,Rural,133,A,8331,Fair,39.86418013484031,-75.24448964635495,2020-06-07
160,401411,5,4,3449,2002,1,1,Urban,312,A,6025,Fair,39.80174113065288,-75.1799878077618,2020-06-08
161,662229,8,2,4761,1905,0,1,Rural,32,D,5050,Fair,39.8902873146676,-75.18733879612621,2020-06-09
162,969241,6,4,3966,2013,1,0,Rural,305,C,9080,Excellent,40.024675292143556,-75.05830419586715,2020-06-10
163,649656,8,2,3588,2014,0,1,Urban,269,B,4460,Poor,40.03824881265128,-74.97330188821093,2020-06-11
164,963618,3,4,1615,1910,1,0,Rural,25,D,4835,Good,39.860740262628724,-74.99546013751885,2020-06-12
165,393128,3,4,3090,1975,0,1,Rural,316,B,5278,Excellent,40.087713199061426,-75.1950062181134,2020-06-13
166,535157,5,2,4073,1960,1,0,Rural,59,B,2844,Fair,39.950720838044035,-75.20187580080561,2020-06-14
167,303990,3,3,3478,2021,1,0,Suburban,213,C,1071,Excellent,40.07509362470555,-74.91368338795722,2020-06-15
168,545899,8,1,2947,1941,0,0,Suburban,156,C,8386,Good,40.01202958455849,-75.29670550336321,2020-06-16
169,357481,8,4,1730,1912,0,1,Suburban,314,A,7862,Good,40.01673002690672,-74.94811178677593,2020-06-17
170,100801,2,3,3166,1911,0,1,Rural,276,A,8340,Poor,39.825513086391815,-75.22010859235104,2020-06-18
171,730826,4,1,4758,1984,0,1,Urban,210,C,8635,Fair,39.86599733806908,-74.92108627076409,2020-06-19
172,998633,1,3,3094,1973,1,1,Suburban,57,D,2043,Fair,39.80264444998834,-75.163077086069,2020-06-20
173,934397,4,3,3930,1919,0,0,Urban,185,A,4042,Excellent,40.01483829214302,-75.1238592904427,2020-06-21
174,709557,4,1,3417,1949,0,1,Rural,54,B,1814,Fair,39.90333148652855,-75.01715175442224,2020-06-22
175,878053,9,4,3452,1935,0,1,Suburban,209,D,6622,Excellent,40.035995754822906,-75.06493237941069,2020-06-23
176,398113,3,3,2495,1991,1,1,Rural,342,B,8332,Good,39.901680865981106,-75.17282426811727,2020-06-24
177,575485,2,4,4391,1987,1,1,Urban,293,C,1309,Good,40.04580012568966,-75.07846763365288,2020-06-25
178,191679,9,4,806,1968,1,1,Suburban,340,B,7661,Good,39.839209476124495,-75.00771724625484,2020-06-26
179,781065,9,4,1862,1936,1,1,Suburban,304,D,5227,Good,39.85201194702725,-75.283066021639,2020-06-27
180,815663,1,1,2602,1911,0,1,Suburban,252,C,2877,Good,39.90226296187518,-75.29552027789772,2020-06-28
181,390507,6,2,3530,2021,1,1,Suburban,304,D,3486,Excellent,39.92254621666468,-75.11677322437085,2020-06-29
182,261792,8,4,832,1998,0,0,Urban,112,B,7886,Good,39.90461084325289,-75.24726535287859,2020-06-30
183,657639,3,2,3252,1939,1,0,Suburban,6,D,5835,Excellent,40.02909410975697,-75.03426228341412,2020-07-01
184,735311,9,2,742,1953,0,1,Rural,191,C,1794,Good,39.829085417788015,-75.21437901750903,2020-07-02
185,791505,2,3,2384,1901,0,1,Suburban,334,B,7786,Excellent,39.90536510589155,-75.12685955728173,2020-07-03
186,712236,6,4,1932,1949,0,1,Urban,279,B,5014,Excellent,40.05117199985464,-75.22093162525029,2020-07-04
187,844974,1,4,3050,1940,0,1,Suburban,340,A,8392,Excellent,39.82003912317865,-75.08060656570035,2020-07-05
188,319188,7,4,802,1944,0,0,Urban,13,A,6353,Fair,40.08270305230141,-75.25357861624617,2020-07-06
189,942667,3,2,4830,2002,1,0,Urban,303,D,4407,Excellent,40.095895052681605,-75.29075725888501,2020-07-07
190,376999,7,1,3609,2005,0,1,Rural,44,A,1974,Excellent,39.82657045214752,-75.27954734475732,2020-07-08
191,529385,4,2,2686,1908,0,0,Suburban,105,A,5237,Good,39.88738175667672,-74.91829662339389,2020-07-09
192,361677,9,4,4790,1961,0,0,Suburban,160,A,8248,Excellent,39.9117201998106,-75.24308551255562,2020-07-10
193,277476,5,4,2050,1985,0,1,Suburban,154,A,5369,Excellent,40.03291741059582,-75.01660869874527,2020-07-11
194,250641,3,4,2292,1946,1,1,Rural,242,C,9050,Poor,39.97877804363502,-75.27282951831087,2020-07-12
195,749362,8,2,1146,1904,1,1,Rural,181,C,1464,Fair,39.99330971014777,-75.25673585910593,2020-07-13
196,884366,6,4,1212,1975,0,0,Urban,14,A,6327,Poor,40.02725294684555,-75.09644949943626,2020-07-14
197,678725,2,3,1037,1900,0,0,Urban,180,D,6415,Good,39.83539369983111,-75.11405162793827,2020-07-15
198,256810,3,4,734,1943,0,1,Urban,292,C,9115,Fair,40.04996283707308,-74.91936787622406,2020-07-16
199,190410,8,1,2896,1921,0,1,Rural,264,A,1287,Fair,40.01168594125404,-74.92206581879171,2020-07-17
200,119731,7,3,2004,1937,1,0,Rural,168,C,4195,Poor,39.97320251755891,-74.98815654298302,2020-07-18
201,765491,6,4,1874,2014,1,0,Rural,214,B,2992,Fair,40.06692060043492,-75.05915926794906,2020-07-19
202,952756,1,3,2409,1918,0,1,Urban,150,C,8450,Poor,40.010091906165144,-75.1180158730428,2020-07-20
203,285169,9,4,1415,1979,0,0,Rural,16,C,3925,Excellent,39.8605099887893,-75.15752858626863,2020-07-21
204,968152,3,1,4458,1930,0,1,Urban,91,D,2120,Poor,39.9289236143227,-74.92116498120978,2020-07-22
205,982865,5,4,580,2014,0,1,Urban,120,C,6310,Fair,39.948212860080716,-75.05883647543013,2020-07-23
206,365033,7,3,2583,1966,0,0,Suburban,253,D,1446,Fair,39.81656528802512,-75.06837098892561,2020-07-24
207,633857,7,1,3188,1986,1,0,Suburban,60,B,7627,Good,40.08639125400802,-75.20723955129243,2020-07-25
208,973625,3,2,2190,1941,1,0,Suburban,266,A,3896,Good,39.83857317823906,-75.28132087284595,2020-07-26
209,306749,4,1,1256,1981,0,1,Urban,31,D,1721,Good,40.00923838016802,-74.92192456809619,2020-07-27
210,185192,7,1,3170,1925,1,1,Suburban,21,C,3163,Good,39.95186931082726,-75.17450589646214,2020-07-28
211,879117,8,1,4251,1912,1,1,Suburban,219,C,4980,Fair,39.807689674965324,-75.12296439067022,2020-07-29
212,187154,2,3,4052,1957,1,1,Suburban,81,D,5502,Good,40.07742424275931,-75.25414402256571,2020-07-30
213,308542,9,1,967,1917,0,1,Rural,289,B,2725,Poor,40.05555104264568,-74.9652302680363,2020-07-31
214,208073,7,4,1994,1966,1,1,Urban,31,A,9885,Excellent,39.95727737837115,-75.28894726685762,2020-08-01
215,319894,8,1,1519,2021,1,0,Suburban,234,C,4413,Fair,39.86868270084183,-74.96640369516037,2020-08-02
216,619235,6,1,1401,1986,0,1,Rural,36,B,1494,Good,39.83648686720402,-75.2438859948848,2020-08-03
217,894044,6,4,1172,1902,1,1,Rural,132,A,1947,Fair,39.90901774382964,-74.94537435494755,2020-08-04
218,675932,9,4,938,1954,0,1,Rural,324,A,1022,Good,39.87662848431383,-75.00809094506555,2020-08-05
219,656357,4,2,4722,1988,1,1,Suburban,346,C,2128,Fair,39.95200736030189,-75.23413189499708,2020-08-06
220,968173,5,1,2576,1990,0,0,Rural,132,D,1557,Good,40.08992278883703,-75.07367280285621,2020-08-07
221,520547,9,3,944,1957,0,1,Urban,9,C,4730,Excellent,39.97248604796889,-75.17493747425792,2020-08-08
222,942329,1,1,1465,2007,1,0,Rural,30,C,6341,Good,40.06697931676703,-75.22870676043537,2020-08-09
223,245006,4,1,4290,1962,1,0,Rural,115,C,7998,Poor,39.995263651248735,-74.95632712023556,2020-08-10
224,503311,7,4,963,1990,0,1,Rural,301,B,8182,Fair,39.94257395797616,-75.13859089339711,2020-08-11
225,584710,9,2,2698,1951,0,1,Rural,4,D,8034,Fair,40.05638226882001,-75.14058251425385,2020-08-12
226,988976,6,1,2787,2002,1,0,Urban,325,B,2656,Poor,39.9414104330519,-75.23204533007736,2020-08-13
227,642994,8,3,4265,1988,1,0,Suburban,237,C,5173,Poor,40.06058845115311,-75.1467737295657,2020-08-14
228,274588,9,1,3676,1923,1,1,Urban,23,D,6441,Excellent,39.88747303087273,-74.95135326146847,2020-08-15
229,727890,4,3,4508,1971,1,0,Urban,16,A,9998,Fair,39.838643922128895,-75.15474851580414,2020-08-16
230,590224,1,4,4004,1908,0,1,Suburban,22,D,4312,Excellent,40.05659433930888,-74.91935857500009,2020-08-17
231,396773,8,2,1412,2009,0,1,Rural,72,C,9645,Fair,39.9762245491378,-74.92147644031665,2020-08-18
232,540126,2,1,996,1936,0,0,Suburban,304,D,3324,Fair,40.06672771947469,-75.24204053627706,2020-08-19
233,581756,1,2,1963,1993,1,1,Suburban,230,A,6595,Excellent,40.08134816209772,-75.22907549859094,2020-08-20
234,224746,7,1,4753,2016,1,1,Urban,107,A,6984,Fair,39.81608851711143,-74.95493037186725,2020-08-21
235,644719,9,3,4767,1982,0,1,Suburban,208,D,3511,Fair,39.95029079055766,-75.14289563243011,2020-08-22
236,287805,9,2,993,1952,0,0,Rural,208,A,1362,Excellent,39.912489364722354,-75.2982504070868,2020-08-23
237,664376,3,1,1926,1979,0,0,Urban,263,B,4454,Good,39.98775751912103,-75.19045127211785,2020-08-24
238,799495,6,4,2192,1923,0,0,Rural,51,D,3798,Excellent,40.038077359160695,-75.06094840272178,2020-08-25
239,531231,7,3,2293,2007,0,1,Urban,65,A,5620,Fair,39.88417706479231,-74.98029361361601,2020-08-26
240,855398,9,2,3223,1920,0,0,Rural,265,A,4255,Poor,39.96703951531195,-75.2466445531627,2020-08-27
241,655673,2,1,1158,1999,1,0,Suburban,338,D,2217,Good,40.01261857397147,-75.25578345423331,2020-08-28
242,432343,8,2,4962,1939,0,0,Suburban,301,B,2485,Poor,39.84032932485072,-74.93116293857108,2020-08-29
243,400821,7,1,1049,2002,0,1,Suburban,175,D,6349,Good,40.04422007178538,-74.99954065287098,2020-08-30
244,218104,4,3,1142,2010,0,1,Rural,152,A,8195,Poor,39.98183287995589,-75.06408815968877,2020-08-31
245,112818,2,4,4850,1961,0,0,Urban,266,D,8750,Good,40.0848612311341,-74.99232528400164,2020-09-01
246,581438,8,3,707,1969,0,0,Urban,329,A,7079,Excellent,39.901858675739206,-75.12845825547734,2020-09-02
247,425145,5,2,2997,1968,0,0,Urban,304,C,9035,Good,39.832443782701155,-74.99661770107635,2020-09-03
248,255049,6,2,4690,1913,0,1,Suburban,163,D,2507,Good,39.95195036031107,-75.15127880349019,2020-09-04
249,674120,7,1,2383,2016,1,0,Rural,343,D,2003,Good,39.82574323151283,-75.20236217100296,2020-09-05
250,927363,1,3,3386,2008,0,1,Urban,238,A,7403,Fair,40.090857956997205,-75.00839463148282,2020-09-06
251,708278,8,1,977,1941,1,1,Rural,199,A,1925,Poor,39.81160548747715,-75.1321310831371,2020-09-07
252,309966,4,3,1261,1949,1,1,Urban,16,A,9275,Excellent,40.026051170332195,-74.90744915826953,2020-09-08
253,172204,9,2,689,1960,1,0,Suburban,309,A,7583,Poor,39.95753071944267,-75.16020592707676,2020-09-09
254,145784,1,1,1255,1903,0,0,Rural,296,D,4927,Poor,39.91058619574949,-74.93130903178758,2020-09-10
255,992737,2,1,1946,1971,0,1,Urban,356,A,1985,Excellent,39.819752649352594,-74.92681498057317,2020-09-11
256,109921,6,3,2163,1987,0,1,Urban,276,D,5231,Fair,39.98665007725208,-75.2032588211741,2020-09-12
257,921391,1,4,2335,1974,0,1,Urban,239,B,6302,Good,39.97556609881729,-74.9807115273648,2020-09-13
258,918760,4,3,4728,1916,0,1,Urban,69,D,6291,Fair,39.884264981920275,-75.12677019794218,2020-09-14
259,355564,8,4,4650,2013,0,0,Suburban,301,A,1908,Fair,40.0730665104231,-74.93299010910786,2020-09-15
260,713794,5,3,4560,1984,0,0,Urban,6,A,6051,Good,39.89123300220285,-75.11995029094591,2020-09-16
261,174408,9,2,4112,1956,0,1,Urban,220,B,3586,Poor,39.93491762317763,-75.00227851306505,2020-09-17
262,748140,6,1,2189,1989,0,1,Suburban,254,D,2331,Good,39.963128736775595,-75.11321303633449,2020-09-18
263,840126,1,3,1816,2006,0,1,Urban,295,B,7851,Excellent,39.83006956345288,-75.20887969771486,2020-09-19
264,650996,6,2,3686,1947,1,0,Rural,358,D,2806,Good,40.07964851576409,-75.22025994842213,2020-09-20
265,643135,6,3,4520,1943,0,1,Rural,107,A,1805,Poor,39.912360845735314,-75.12982752229746,2020-09-21
266,680277,6,1,4854,1944,0,0,Urban,295,D,5147,Fair,39.8242337641623,-74.99780213719431,2020-09-22
267,104922,8,3,1645,1990,0,1,Suburban,118,A,1071,Fair,39.9161873521026,-75.0579714059277,2020-09-23
268,563144,6,4,4894,1979,1,0,Suburban,168,A,1027,Good,39.98006076412777,-75.02454828403978,2020-09-24
269,152335,5,1,1060,2018,0,0,Suburban,251,C,9660,Excellent,39.9540958015464,-75.18706945970722,2020-09-25
270,905983,2,4,2412,1989,0,1,Urban,82,C,4983,Poor,40.008362592211185,-75.10742586161696,2020-09-26
271,250453,4,2,2364,2016,1,0,Urban,54,D,9955,Fair,39.81664518262037,-75.28224189401227,2020-09-27
272,999751,5,2,796,1932,0,0,Rural,240,A,8055,Good,39.88536218308162,-74.97298703361676,2020-09-28
273,417817,4,3,2909,1930,1,0,Suburban,12,B,7690,Excellent,40.04576917305203,-74.90404313510406,2020-09-29
274,987963,2,4,3136,2011,1,0,Urban,209,A,4832,Excellent,39.823968106337404,-75.13724837495013,2020-09-30
275,122948,7,4,1961,1946,1,1,Urban,165,B,1559,Fair,40.05664578640879,-75.29561453874739,2020-10-01
276,716552,2,1,4792,1905,1,1,Urban,294,D,8957,Fair,39.82756882762313,-75.23208294417962,2020-10-02
277,159072,1,4,2768,2007,0,1,Suburban,7,D,4831,Poor,40.05033626446751,-75.03898924889984,2020-10-03
278,429704,5,4,1494,1971,1,1,Suburban,78,B,8344,Excellent,39.90823652032362,-75.05516827271846,2020-10-04
279,837609,1,1,507,1970,1,1,Rural,65,B,6171,Poor,39.983662718977165,-74.98485411216579,2020-10-05
280,757846,1,1,3091,1933,0,0,Suburban,102,A,1078,Excellent,39.8458661346944,-75.19844639561558,2020-10-06
281,166691,1,4,3015,2007,0,0,Urban,357,D,5929,Excellent,39.81985061651755,-74.99454723378115,2020-10-07
282,765442,6,3,4915,1952,0,0,Rural,300,A,4647,Good,39.864781461206036,-75.02480639139054,2020-10-08
283,989213,9,1,1917,1913,1,0,Suburban,287,B,2031,Fair,39.83835614537261,-75.17087420091447,2020-10-09
284,446249,1,1,2816,1915,0,1,Suburban,171,C,8381,Excellent,39.89372176930389,-75.08180474077722,2020-10-10
285,107086,5,4,4432,1942,1,1,Suburban,77,C,3072,Poor,39.9543149739533,-75.24109047660066,2020-10-11
286,489962,9,4,1787,2015,1,0,Suburban,48,C,7911,Fair,39.9766278390695,-75.11897419862576,2020-10-12
287,692141,9,1,3344,1972,0,1,Urban,255,B,7088,Poor,40.036960432213924,-74.94752106417775,2020-10-13
288,464069,1,4,1618,1973,0,0,Suburban,82,A,2484,Fair,39.996871967974506,-75.13152344806984,2020-10-14
289,432171,8,1,1052,1980,0,0,Urban,209,D,6838,Fair,39.982627497538864,-74.96417331740983,2020-10-15
290,378060,1,3,1160,1911,0,1,Urban,209,B,2550,Excellent,39.92353460824573,-75.06389865389612,2020-10-16
291,901680,8,3,1215,1969,0,1,Urban,84,C,6497,Good,39.94214253048804,-75.22324931475906,2020-10-17
292,910658,1,1,4085,1918,0,1,Rural,10,A,5682,Excellent,39.924356248817055,-75.06755750212085,2020-10-18
293,863210,5,1,4261,2006,1,1,Urban,29,D,2829,Fair,40.05264980901842,-75.09760666833718,2020-10-19
294,672668,8,2,3029,1940,1,1,Suburban,304,D,4751,Excellent,39.869000135764516,-75.14054346592145,2020-10-20
295,894280,6,2,4470,1952,0,1,Rural,116,B,7081,Excellent,39.80171627946259,-75.25214782419357,2020-10-21
296,638562,9,4,3907,1928,1,1,Suburban,269,B,7601,Fair,39.99539596916787,-75.1333165344611,2020-10-22
297,416689,1,4,1958,1969,1,0,Urban,47,D,5459,Fair,39.860738655091644,-75.27089504950415,2020-10-23
298,884403,9,1,3767,1958,1,1,Suburban,359,D,4856,Excellent,40.06703454089294,-75.26049237944049,2020-10-24
299,196494,1,1,1354,1988,1,0,Rural,91,C,7182,Excellent,40.057713898912,-75.13363338682692,2020-10-25
300,215981,3,2,4037,2020,1,0,Rural,53,D,7083,Excellent,39.82301821157846,-75.17784740721261,2020-10-26
301,266305,1,2,2397,1963,1,1,Suburban,218,B,8970,Poor,39.83191652162422,-74.92978226965512,2020-10-27
302,116304,3,1,772,1923,0,0,Suburban,348,A,3094,Excellent,39.948551477674,-75.14971767784789,2020-10-28
303,373438,2,3,4587,1988,0,1,Suburban,77,C,7238,Poor,39.98276679883081,-74.99685675117117,2020-10-29
304,388569,2,3,1772,1915,0,0,Rural,204,C,4032,Good,39.88247250124467,-75.0879009894535,2020-10-30
305,824071,9,4,4874,1951,1,0,Urban,44,D,2548,Poor,40.01503931500981,-75.01836573254307,2020-10-31
306,210777,8,1,4519,1979,0,0,Suburban,156,A,9559,Excellent,39.97847480627566,-75.19595360679384,2020-11-01
307,502641,1,1,1315,1905,0,1,Urban,2,C,1064,Good,39.89744723292456,-74.92323801086468,2020-11-02
308,715837,4,4,4871,1936,0,0,Rural,357,B,4299,Poor,39.80761144641269,-75.08796460123423,2020-11-03
309,717752,1,2,1422,1984,1,0,Suburban,313,D,5849,Poor,40.02504508438955,-74.9674703714859,2020-11-04
310,731036,1,2,1764,1903,0,0,Suburban,57,B,6639,Fair,39.864426099747526,-75.15398172260956,2020-11-05
311,566962,4,3,4224,1997,1,1,Rural,290,D,3035,Good,40.05034212303879,-75.25991546037979,2020-11-06
312,954727,2,1,3287,1991,0,0,Suburban,58,C,6674,Fair,39.92608707801627,-75.03051534091166,2020-11-07
313,902523,3,2,3222,1937,0,1,Urban,254,D,3228,Good,39.97312323278953,-75.29689614066503,2020-11-08
314,354174,9,3,4723,1940,0,0,Rural,180,A,6620,Poor,40.0618846191227,-75.1098828093738,2020-11-09
315,755362,2,3,3050,1991,1,0,Rural,157,B,1596,Fair,40.059086900275986,-75.22287923893342,2020-11-10
316,353890,4,3,3449,1980,1,0,Suburban,35,A,4606,Excellent,39.91145587257307,-75.04904979822585,2020-11-11
317,674699,1,2,2173,1913,1,1,Rural,75,B,4889,Poor,39.86266666781445,-74.90823205074487,2020-11-12
318,534174,2,2,3592,1970,1,0,Suburban,289,B,4506,Good,40.032543823318576,-75.11423883747175,2020-11-13
319,358901,5,1,3338,1985,1,0,Suburban,75,D,2395,Good,39.92992406108064,-74.97300069738974,2020-11-14
320,195696,1,1,2166,1950,0,0,Rural,329,C,8529,Fair,39.857612598067696,-75.09688632521956,2020-11-15
321,776067,7,3,2695,1964,0,0,Suburban,78,C,9303,Fair,40.07132760269515,-75.1016639875584,2020-11-16
322,770608,4,3,1884,1992,1,1,Urban,255,A,1452,Good,39.85943125827232,-74.92783060272849,2020-11-17
323,695597,6,2,4903,1951,1,0,Urban,265,D,8336,Poor,39.807742150457365,-74.94401365250133,2020-11-18
324,833682,8,2,4454,1994,0,0,Suburban,304,C,3631,Fair,39.806083992130226,-74.98567981392482,2020-11-19
325,770397,6,1,3399,1929,1,0,Urban,67,B,3186,Excellent,39.98669460693628,-75.18149769867328,2020-11-20
326,167421,2,1,560,1956,0,0,Suburban,221,B,6967,Good,39.99850251821526,-75.08199663371043,2020-11-21
327,336436,1,4,4447,1978,1,1,Urban,164,D,7374,Excellent,39.893312511517095,-75.21044110667772,2020-11-22
328,575083,8,1,2790,1981,0,0,Rural,220,A,6358,Good,39.89600329677412,-75.12243332078138,2020-11-23
329,402756,8,2,972,1998,1,0,Suburban,172,D,5348,Excellent,39.90184817451798,-75.10631477369608,2020-11-24
330,581247,9,3,1458,2013,1,1,Suburban,254,A,2459,Poor,40.004047564027665,-74.96734398393227,2020-11-25
331,637738,6,4,1032,1929,0,0,Suburban,210,D,2942,Good,39.81744013730805,-74.94158865387001,2020-11-26
332,109491,1,1,993,1997,0,0,Suburban,188,B,6422,Poor,40.0787349058074,-75.1341519750414,2020-11-27
333,217026,9,1,581,1941,1,0,Suburban,191,D,6196,Fair,39.866756313253234,-75.29291822197071,2020-11-28
334,174804,3,2,3470,1910,1,1,Suburban,215,C,1061,Good,40.09990196157263,-74.95529046408426,2020-11-29
335,611662,6,4,511,1926,0,0,Rural,86,C,2494,Poor,39.851456808136156,-75.23028852859946,2020-11-30
336,979725,9,1,1261,1923,1,1,Rural,106,D,2180,Excellent,40.03146393719371,-75.05124721444385,2020-12-01
337,743786,3,3,3685,1998,0,1,Urban,332,A,7268,Poor,39.86702376347888,-75.29001163982635,2020-12-02
338,862803,5,2,525,1938,0,1,Suburban,296,A,3788,Good,39.824254040492974,-75.14019740989578,2020-12-03
339,991907,5,4,2306,1971,1,1,Urban,19,B,5636,Poor,40.062479997305196,-74.90561587915387,2020-12-04
340,914746,7,1,4657,2014,0,1,Urban,47,B,5721,Excellent,40.05762537775727,-75.25972255955848,2020-12-05
341,938315,4,1,4824,1917,0,1,Rural,65,A,6710,Excellent,39.92107111773488,-75.13052273920015,2020-12-06
342,587335,4,4,4159,1976,1,1,Urban,146,D,8702,Excellent,40.01071884276213,-75.17714001992402,2020-12-07
343,449230,7,2,2025,1944,0,0,Rural,286,B,1105,Fair,39.967119779805174,-74.9379647506447,2020-12-08
344,820989,9,4,1260,1987,0,0,Urban,66,A,5087,Good,40.055886834102125,-74.95226395683706,2020-12-09
345,463435,4,4,1094,2014,0,1,Suburban,5,A,4925,Excellent,39.89451679079559,-75.2049204958775,2020-12-10
346,342223,4,2,1555,1986,0,1,Urban,93,D,2908,Fair,39.95710171999969,-75.26752488517982,2020-12-11
347,634255,6,1,2354,1911,1,1,Rural,353,C,3049,Excellent,39.945611711361366,-75.04914464237555,2020-12-12
348,312826,6,3,3583,1948,0,1,Rural,94,A,9172,Poor,39.90617174787705,-75.16545251524651,2020-12-13
349,405364,7,2,4416,1993,1,1,Rural,106,B,4904,Good,40.067436519366915,-75.03116624375758,2020-12-14
350,829523,1,3,4175,1930,0,1,Urban,133,D,4796,Poor,39.84976337739876,-75.28715209757287,2020-12-15
351,794779,3,1,2548,1991,1,0,Urban,341,D,1292,Fair,39.84485259185621,-75.246640305929,2020-12-16
352,418275,9,4,1958,1921,0,0,Rural,314,D,7266,Poor,39.97307286059682,-75.02545110689094,2020-12-17
353,581930,6,3,1719,1943,1,1,Suburban,79,C,7370,Poor,39.997248268995484,-75.215051737879,2020-12-18
354,128876,6,1,4728,1991,0,1,Suburban,212,C,5860,Excellent,39.85838577629737,-74.95696492969505,2020-12-19
355,843804,5,1,4681,1963,0,1,Urban,8,B,4729,Poor,39.917215232676384,-75.27656364491594,2020-12-20
356,987880,3,4,1999,1976,0,0,Urban,159,B,8962,Excellent,40.08396915289362,-75.21380720688578,2020-12-21
357,775331,5,4,2330,1924,0,1,Rural,268,D,6510,Excellent,39.8739852268072,-74.90057590060597,2020-12-22
358,329192,1,1,3895,2007,1,0,Urban,149,B,9619,Good,40.00050821063522,-75.12676955896528,2020-12-23
359,411372,3,1,1703,1950,1,0,Urban,350,A,7761,Fair,40.02204481810928,-75.01881373458214,2020-12-24
360,354767,4,3,4770,2009,0,0,Rural,91,C,7110,Fair,39.934438609839546,-75.2269347804572,2020-12-25
361,960927,5,1,3310,1906,1,1,Rural,236,D,7955,Fair,40.08125779602788,-75.05605250600578,2020-12-26
362,352313,9,1,3592,2008,0,1,Urban,289,D,1106,Excellent,40.02099702056564,-75.00955757265224,2020-12-27
363,128261,4,3,3544,1905,0,0,Suburban,356,A,5754,Fair,39.93737737395827,-75.1742093456534,2020-12-28
364,206601,3,2,4014,1923,1,0,Urban,168,A,6278,Excellent,39.97080056053283,-74.96844115520965,2020-12-29
365,161260,1,3,2298,1918,1,0,Suburban,193,A,7408,Good,40.007784033027534,-75.0586329686111,2020-12-30
366,598214,6,3,3075,1982,1,0,Suburban,187,A,8635,Fair,39.97765705412876,-75.14435079615399,2020-12-31
367,574587,7,4,644,1999,0,1,Suburban,271,D,2225,Excellent,40.063609275147826,-75.07694304266273,2021-01-01
368,496562,8,3,4426,2014,0,0,Rural,114,C,5250,Fair,39.90706659868412,-75.06929566102563,2021-01-02
369,589170,1,1,1877,1908,1,1,Rural,11,C,1895,Fair,39.88996572201674,-75.23378588292245,2021-01-03
370,680464,4,1,3646,2011,0,0,Rural,55,A,2620,Good,39.86415166684858,-75.13890705205321,2021-01-04
371,414444,5,1,2325,1935,1,1,Urban,258,B,6088,Poor,39.811334890419374,-75.1626277647922,2021-01-05
372,242412,2,2,1293,2001,1,0,Rural,65,D,6419,Fair,39.81290418931401,-75.13963891096834,2021-01-06
373,617561,1,1,2101,1939,1,1,Rural,172,C,2385,Good,40.06101655793279,-74.9955557646059,2021-01-07
374,919444,8,2,4914,1992,1,1,Urban,272,A,3433,Fair,40.00351794392177,-75.10698463701333,2021-01-08
375,790753,6,1,1610,1923,1,1,Urban,150,B,2301,Fair,39.998159724630945,-74.9238735387043,2021-01-09
376,726441,5,3,4553,1947,1,0,Suburban,362,B,7858,Fair,39.98439284568047,-75.18252943465663,2021-01-10
377,568349,9,4,4437,1962,0,1,Urban,146,A,9950,Fair,40.05476574340823,-75.13371856868604,2021-01-11
378,959705,2,1,4463,1968,0,0,Urban,209,D,9938,Poor,39.94408007769969,-74.98521727580838,2021-01-12
379,998760,8,2,1282,1952,1,1,Rural,286,C,9784,Poor,40.06112324856749,-75.0815901626717,2021-01-13
380,996736,9,2,1616,1953,1,1,Suburban,10,B,6644,Fair,39.90783350785467,-75.08118874143022,2021-01-14
381,468781,1,4,2250,1941,1,0,Suburban,227,C,6088,Fair,40.07801225130173,-75.27866393479792,2021-01-15
382,772636,7,1,3076,2018,0,1,Urban,186,C,6440,Good,40.00959709402437,-75.14056013491262,2021-01-16
383,416783,8,3,4527,1944,1,1,Rural,62,B,8493,Good,39.87715314080732,-75.19170650703131,2021-01-17
384,484083,3,1,3836,1989,1,0,Rural,85,A,7291,Excellent,39.96922547650659,-74.90026595086756,2021-01-18
385,631598,4,1,4887,1913,1,1,Rural,134,B,4307,Poor,39.95990916844648,-75.17665797174708,2021-01-19
386,790527,3,4,1987,2002,0,1,Rural,323,B,9894,Fair,39.8413696465191,-74.94620138608246,2021-01-20
387,465088,7,1,4375,1928,1,1,Urban,297,D,5708,Poor,39.97737287172519,-75.02950650598382,2021-01-21
388,578096,9,3,4131,2015,0,1,Rural,171,C,1104,Good,39.894435687115084,-75.16363343632317,2021-01-22
389,765751,3,2,4692,1905,0,0,Suburban,213,A,4833,Poor,39.81570463004288,-75.08258624865036,2021-01-23
390,222013,6,4,4458,1906,1,1,Suburban,18,C,1395,Poor,40.08459684731197,-74.96378564802032,2021-01-24
391,281693,8,3,3897,1936,0,1,Urban,314,B,4517,Fair,39.99244711071928,-74.94665268078764,2021-01-25
392,766252,6,2,573,1952,0,1,Rural,60,A,4291,Fair,40.06307567956126,-75.23584244999753,2021-01-26
393,963165,2,4,1859,1917,0,1,Rural,88,A,3010,Good,40.002816801503975,-75.16417074351673,2021-01-27
394,833946,7,4,1591,1986,1,1,Rural,27,A,5537,Fair,39.907095107642036,-75.16591072791456,2021-01-28
395,538895,2,2,2441,2007,0,1,Rural,68,A,5968,Good,39.953806421698644,-75.28318208156962,2021-01-29
396,272687,2,2,3648,1937,1,1,Urban,278,D,5762,Good,40.002724028104154,-75.06070489605925,2021-01-30
397,278625,2,3,4803,1958,1,1,Rural,40,A,2051,Excellent,40.088075697560434,-74.95807197880313,2021-01-31
398,209264,1,1,1744,1900,1,0,Urban,109,B,3841,Excellent,39.87610083773651,-75.14737024486979,2021-02-01
399,703359,1,1,1785,1967,0,0,Rural,74,D,7618,Excellent,40.06249311758724,-75.00398562200633,2021-02-02
400,796362,7,1,3536,2014,1,0,Rural,66,B,5723,Poor,40.07722334158828,-75.04891983455971,2021-02-03
401,484755,5,1,1270,1943,0,0,Suburban,168,B,8472,Excellent,40.001124654397685,-75.1497405058028,2021-02-04
402,170658,3,1,2343,1946,0,1,Urban,262,C,8913,Fair,40.0793799882204,-75.24357608020308,2021-02-05
403,634140,1,3,573,1934,0,1,Suburban,274,A,6524,Fair,39.91936357624321,-75.01627045888962,2021-02-06
404,367531,6,4,2160,1986,0,0,Urban,337,A,4584,Excellent,40.085904852812135,-74.9581739324235,2021-02-07
405,489715,1,3,4849,1990,1,0,Rural,358,B,9539,Poor,40.010834863149796,-75.02565820303941,2021-02-08
406,983727,9,3,1319,1959,1,0,Rural,237,A,2263,Good,39.812601730225644,-75.29284860638607,2021-02-09
407,754669,2,3,4318,1989,0,1,Urban,215,D,5665,Poor,40.07206184954572,-75.2135068422436,2021-02-10
408,402138,1,4,831,1951,1,1,Suburban,286,C,9014,Poor,39.94534184270996,-75.27220800604658,2021-02-11
409,334484,7,3,1921,1907,1,0,Urban,149,A,2351,Good,39.93809809543335,-75.0718455601695,2021-02-12
410,479056,6,3,4155,2006,1,0,Urban,318,A,7980,Good,39.96993998179389,-74.99740892846384,2021-02-13
411,526941,6,4,2191,1979,0,0,Rural,107,D,8190,Good,39.84481536403137,-75.25576832517254,2021-02-14
412,828042,5,3,4908,1940,1,0,Suburban,141,C,4827,Fair,39.94074981457022,-74.96466487176265,2021-02-15
413,755920,4,1,727,1902,0,0,Urban,76,D,9861,Good,40.04933816501532,-75.0777964086418,2021-02-16
414,486354,4,2,3381,1995,1,1,Suburban,9,B,3646,Good,39.80464473774125,-75.02401239514332,2021-02-17
415,942997,3,3,3365,1968,0,0,Suburban,196,B,1266,Poor,39.88187514809731,-74.91143926055655,2021-02-18
416,363456,8,2,3075,1983,0,1,Urban,295,A,8434,Poor,39.80073637593315,-75.26652760470093,2021-02-19
417,488026,7,3,964,1913,0,0,Suburban,280,C,2022,Excellent,39.924713392744955,-74.93951039080889,2021-02-20
418,187566,9,3,777,1995,1,0,Rural,118,B,8947,Poor,40.01849465314812,-75.24955892160503,2021-02-21
419,383473,1,1,4614,1925,0,1,Rural,290,D,3037,Good,40.03963154873439,-75.14281647734533,2021-02-22
420,334750,7,4,565,2010,1,0,Rural,61,B,9756,Fair,40.083556928338105,-74.95942452146755,2021-02-23
421,954619,4,2,4762,1969,0,1,Rural,335,B,8778,Poor,39.982551383891234,-74.93749830530486,2021-02-24
422,699830,7,4,902,1957,1,1,Suburban,306,D,2059,Poor,39.87638805999587,-75.09745133058195,2021-02-25
423,208237,1,1,4483,1999,0,0,Rural,51,A,2424,Good,40.07724438474101,-75.06235814468984,2021-02-26
424,619904,5,1,3978,1939,1,0,Urban,52,C,5123,Poor,40.03259472616411,-75.01674106616058,2021-02-27
425,476620,3,2,3944,1950,0,1,Rural,122,A,1219,Poor,39.97232854490094,-74.96689653261892,2021-02-28
426,397789,5,4,4919,1904,0,1,Urban,167,D,1405,Good,40.00869206471568,-75.25139553218493,2021-03-01
427,187502,4,1,3539,1976,0,0,Urban,8,B,3318,Poor,40.07729490650223,-74.97597227670832,2021-03-02
428,586598,2,3,1937,1931,1,1,Rural,45,C,9983,Fair,40.013718208541874,-75.10748953979535,2021-03-03
429,449454,4,3,928,1979,0,0,Rural,344,A,6058,Excellent,39.91051235227542,-75.11975062995673,2021-03-04
430,956051,3,3,3182,1900,0,1,Suburban,245,D,2309,Poor,40.01390846068673,-75.1304400992012,2021-03-05
431,919945,1,4,3277,1976,0,0,Urban,284,B,8621,Fair,39.812083448820616,-75.09631536590159,2021-03-06
432,633037,8,3,3878,1953,0,1,Rural,107,B,5929,Poor,39.915924668549174,-74.92197977864217,2021-03-07
433,786143,5,3,892,1910,1,1,Suburban,27,A,9702,Excellent,39.92189690955367,-75.08071849088314,2021-03-08
434,684933,4,1,841,1952,0,0,Rural,193,D,9683,Good,39.85005147032625,-74.91872898469475,2021-03-09
435,313933,5,1,632,1907,0,1,Rural,337,B,2617,Excellent,39.80692564416553,-75.22788394775374,2021-03-10
436,153175,4,3,764,1924,1,1,Rural,357,B,2520,Poor,39.84001437099132,-75.01034560846695,2021-03-11
437,248395,3,3,4688,1939,1,1,Urban,62,C,8892,Excellent,39.996386448739116,-74.9751041845565,2021-03-12
438,150762,5,1,2185,1931,1,1,Rural,62,B,2583,Excellent,40.04068664490911,-75.02834846746606,2021-03-13
439,688510,4,2,1934,1987,0,1,Suburban,282,A,7704,Good,40.096461047818096,-75.05723108790939,2021-03-14
440,527709,1,4,2160,1927,1,1,Rural,121,D,8988,Poor,39.90390905093255,-75.07407488756553,2021-03-15
441,289400,3,4,4317,1977,1,1,Rural,280,D,7583,Excellent,39.97981376667833,-74.95562780696852,2021-03-16
442,355539,8,1,2854,2008,1,0,Suburban,39,C,2575,Excellent,40.08114349004454,-74.97134136113421,2021-03-17
443,112213,7,4,765,1902,0,1,Suburban,277,D,7935,Good,39.85011253440145,-75.25108451152776,2021-03-18
444,721655,2,1,1636,1999,0,1,Urban,94,A,7176,Fair,40.015293675902825,-74.96056493718766,2021-03-19
445,802290,1,1,1890,1990,0,0,Urban,115,B,3613,Poor,40.02649361994475,-75.13437255222382,2021-03-20
446,258785,3,1,1612,1983,1,1,Urban,176,C,4892,Fair,39.8266926607608,-75.19852126800167,2021-03-21
447,731445,5,1,2734,2010,0,1,Urban,121,D,9653,Fair,40.05837481555492,-74.95209257279443,2021-03-22
448,853696,1,2,3366,1978,1,0,Suburban,13,C,7733,Good,40.043931514133256,-75.1271900801465,2021-03-23
449,132583,3,3,3568,1961,1,1,Rural,163,C,5431,Good,39.810020901973225,-74.97665412392928,2021-03-24
450,753080,3,3,2679,1926,1,1,Rural,275,D,9112,Poor,39.82732532446401,-75.19463855521767,2021-03-25
451,179944,5,2,1134,2016,0,0,Rural,176,C,2381,Fair,39.81473806816755,-75.2984282714311,2021-03-26
452,122369,3,4,4131,1944,1,0,Urban,337,D,4515,Excellent,39.900423059539804,-75.10181632283883,2021-03-27
453,803288,9,4,1899,2004,1,1,Suburban,324,A,5454,Fair,39.952786697203976,-75.25990869734285,2021-03-28
454,119510,1,3,3239,1991,0,1,Suburban,173,D,8769,Good,39.959704318386386,-74.99824961779004,2021-03-29
455,112120,4,4,3670,1924,1,0,Suburban,275,B,7489,Excellent,39.88030002793083,-75.18956994557223,2021-03-30
456,724135,4,3,2365,2005,1,1,Rural,64,D,9384,Excellent,40.07347906596809,-75.1225417413586,2021-03-31
457,722863,1,3,2455,1960,1,0,Urban,101,B,4534,Good,39.91047883696157,-75.26518657396338,2021-04-01
458,491413,2,2,2718,1943,0,0,Suburban,322,C,1755,Excellent,39.8136650467896,-75.1853363006211,2021-04-02
459,367439,1,4,1889,2009,1,0,Urban,66,D,3525,Fair,39.890068133462414,-74.98740390269657,2021-04-03
460,644748,6,2,3630,1996,0,1,Suburban,331,B,1827,Good,39.959332826763244,-75.23936483523907,2021-04-04
461,639251,3,3,4776,1945,0,0,Urban,45,D,5748,Poor,39.92246654677647,-75.04113617554923,2021-04-05
462,963548,7,3,4614,1913,1,0,Suburban,87,D,3333,Good,39.88215275572978,-74.9330296588782,2021-04-06
463,651616,5,3,1749,1907,1,0,Urban,67,D,5946,Poor,39.83939697492929,-75.02806529609691,2021-04-07
464,971061,9,1,3666,1947,1,1,Suburban,259,A,9302,Poor,40.04574935002887,-74.97559132428312,2021-04-08
465,224034,7,1,1745,1913,1,1,Suburban,205,B,9046,Good,40.09884357263726,-75.25641134827843,2021-04-09
466,645893,4,1,553,1964,0,1,Urban,178,A,9984,Good,39.89886264005716,-75.19970726959917,2021-04-10
467,997333,5,2,3410,1979,0,0,Urban,280,A,8181,Poor,39.91448631325298,-74.94218445910377,2021-04-11
468,275885,5,3,2896,1981,1,1,Rural,344,B,4414,Poor,39.985411257403086,-75.01395775455276,2021-04-12
469,277443,5,4,942,1906,0,1,Urban,17,D,7457,Excellent,40.015532442420664,-75.04417846944908,2021-04-13
470,732529,9,2,4111,1978,1,0,Suburban,296,A,7749,Good,39.91760886044108,-75.03449330555132,2021-04-14
471,934030,3,2,4877,1987,1,0,Suburban,202,A,1296,Good,40.07147885509455,-75.13431977827814,2021-04-15
472,291848,6,2,2907,1948,1,1,Urban,172,A,1568,Excellent,39.968001196768675,-75.28217734735294,2021-04-16
473,354289,8,4,1322,2014,1,1,Rural,262,D,6283,Good,39.93511702292178,-74.98622338317172,2021-04-17
474,958690,9,3,4202,1954,0,0,Urban,194,A,8664,Excellent,39.99400182594797,-75.02851470551386,2021-04-18
475,927401,7,1,3439,1912,0,1,Suburban,149,C,8511,Excellent,40.08584115447475,-75.11087821435491,2021-04-19
476,792272,3,3,1531,1972,1,0,Suburban,35,B,6465,Good,40.038365688326515,-74.9400961538527,2021-04-20
477,269446,1,3,2516,1955,1,0,Rural,29,C,9263,Fair,39.81200393916053,-75.16553613400596,2021-04-21
478,827662,4,2,1062,1955,0,1,Urban,263,D,5382,Poor,39.89969297322199,-75.1822713023075,2021-04-22
479,162784,6,2,3038,1914,0,1,Suburban,221,A,1065,Good,39.94116340548537,-74.95088146996822,2021-04-23
480,121274,3,2,840,1956,0,1,Suburban,53,B,1879,Fair,39.89435527166273,-74.98120493809641,2021-04-24
481,754282,1,1,4275,1957,1,1,Suburban,279,A,9259,Excellent,40.01005626824914,-75.09400807574066,2021-04-25
482,920848,6,1,2796,1934,0,0,Urban,353,D,8222,Fair,40.047880744958775,-75.24770610421686,2021-04-26
483,317220,1,1,734,1987,1,1,Urban,76,B,6069,Good,40.01940352855558,-75.21397141141398,2021-04-27
484,816358,9,3,1616,1996,1,1,Rural,176,C,4239,Good,40.09679998604848,-75.03750880383647,2021-04-28
485,462578,1,2,2408,1915,0,1,Suburban,10,B,1507,Fair,39.881764294367905,-75.14598350486384,2021-04-29
486,343768,6,4,1917,1907,1,0,Suburban,117,A,8704,Good,40.06249684850733,-74.96541072333362,2021-04-30
487,536572,1,3,1791,1992,0,1,Rural,280,B,2125,Poor,40.02998679955235,-74.92001799626712,2021-05-01
488,792494,7,1,3988,1986,1,1,Suburban,218,D,1885,Fair,39.90865362726744,-74.97774522989003,2021-05-02
489,560258,3,4,4154,1944,1,0,Rural,175,D,3841,Excellent,40.02023736309709,-75.14898183080177,2021-05-03
490,937742,6,4,1028,1994,1,0,Rural,234,B,8975,Fair,39.83122278692547,-74.98452542830744,2021-05-04
491,967190,7,2,3824,1939,1,0,Suburban,252,D,7565,Fair,40.03680004470217,-75.15942333061173,2021-05-05
492,243435,1,4,2480,2012,1,0,Urban,295,D,7083,Fair,39.95969918077613,-75.23315996489374,2021-05-06
493,578365,1,1,3439,1953,1,0,Urban,322,D,5870,Fair,39.887687051812776,-75.28664271805366,2021-05-07
494,917060,5,2,1829,2018,0,1,Urban,6,C,3525,Excellent,39.99673319053525,-75.14571331489559,2021-05-08
495,604136,6,4,1733,1913,0,0,Urban,21,A,5215,Excellent,39.992485999614324,-74.9385762785211,2021-05-09
496,169672,9,2,2253,1958,1,0,Suburban,73,D,2938,Excellent,39.86284586681588,-75.20440536489772,2021-05-10
497,670534,1,4,3300,2016,0,0,Rural,330,B,4232,Fair,39.80911922444346,-75.21739473402809,2021-05-11
498,594209,4,3,3433,1993,1,0,Rural,36,D,4744,Poor,39.9300867760705,-74.91207168590358,2021-05-12
499,713398,8,3,3259,1952,0,0,Suburban,233,C,7221,Poor,39.97085356080333,-75.28999835485976,2021-05-13
500,585654,9,1,3275,2002,0,0,Urban,216,B,4465,Excellent,40.06298158351118,-74.9856871398425,2021-05-14
